{
    "08.07.2024": {
        "monday": "- Teams Einführung und Funktionen\n- Support-Bereich kennenlernen\n- Gegenseitiges Vorstellen",
        "tuesday": "- Tuckman Phasenmodell & Konstruktivismus\n- Kommunikation mit Ich-Botschaften\n- Lerntechniken und Lerntypen",
        "wednesday": "- Lernmethoden (Karteikarten, Mindmapping, LOCI)\n- Zeitmanagement (SMART, ABC-Analyse)\n- Eisenhower & Pomodoro Techniken",
        "thursday": "- Dateiorganisation & Sicherung\n- Grundlagen CMD\n- RemoteLab & Windows Installation",
        "friday": "- Zahlensysteme (Dezimal, Binär)\n- Hexadezimal System\n- Umrechnungen zwischen Systemen"
    },
    "15.07.2024": {
        "monday": "- Einführung ins Lernfeld LF02\n- EVA-Prinzip & PC-Grundfunktionen\n- Technologietreiber in der IT\n- Digitalisierung & IT-Trends",
        "tuesday": "- IT-Systeme: Bauformen & Spezifikationen\n- Qualitätsansprüche & Zertifikate\n- Green-IT & Umweltschutz\n- Gruppenarbeit: IT-Nachhaltigkeit",
        "wednesday": "- Wirtschaftlichkeit von IT-Systemen\n- Hardware: Mainboard, CPU, RAM\n- CPU & RAM Vergleiche\n- Selbstlernphase: Komponenten",
        "thursday": "- Mainboard-Schnittstellen\n- Netzteile & Speichersysteme\n- Monitortechnologien & Ergonomie\n- Drucktechnologien & Zubehör",
        "friday": "- Binär-Dezimal Umrechnung\n- Kundenberatung & AIDA\n- Marketing-Grundlagen\n- Projektmanagement-Basics"
    },
    "22.07.2024": {
        "monday": "- Miete, Finanzierung, Leasing\n- Handlungskosten & Kalkulation",
        "tuesday": "- Gewinn- & Rückwärtskalkulation\n- Industriekalkulation",
        "wednesday": "- Stundensatzberechnung\n- Leistungsprozess & Angebote",
        "thursday": "- Lieferung & Installation\n- Überprüfung (B2C, B2B)",
        "friday": "- Risikoanalyse & Recycling\n- Verpackungsgesetz"
    },
    "29.07.2024": {
        "monday": "Urlaub",
        "tuesday": "Urlaub",
        "wednesday": "Urlaub",
        "thursday": "Urlaub",
        "friday": "Urlaub"
    },
    "05.08.2024": {
        "monday": "- Einführung in kaufmännische Themen\n- Handlungsaufgabe: IT-Arbeitsplatz Einrichtung\n- Lasten- und Pflichtenheft\n- Selbstlernphase LF02",
        "tuesday": "- Wiederholung LF02-Themen\n- Lernzielkontrolle & Nachbesprechung\n- Gruppenarbeit: Vorgangsliste & Handlungsaufgabe",
        "wednesday": "- Reflexion der Handlungsaufgabe\n- Nutzwert- und Risikoanalyse\n- Kalkulation & Projektablaufplan\n- Recherche & Einzelgespräche",
        "thursday": "- Review: Projektstruktur & Meilensteine\n- Angebotserstellung & Übergabeprotokoll\n- Strom- und Datenberechnungen\n- Leasingoptionen",
        "friday": "- Finalisierung der Projektarbeit\n- Teampräsentationen\n- Reflexion & Kursbeurteilung\n- Abschlussfeedback"
    },
    "12.08.2024": {
        "monday": "- Das Unternehmen und die eigene Rolle\n- Duales Ausbildungssystem\n- Berufsausbildungsvertrag",
        "tuesday": "- Sozialversicherungen & Steuerklassen\n- Arbeitsrechte & Kündigung\n- Mitbestimmung der Arbeitnehmer",
        "wednesday": "- Betriebsvereinbarung & Tarifvertrag\n- Globalisierung & Wirtschaftskreislauf\n- E-Business & E-Commerce",
        "thursday": "- Vollkommener Markt\n- Monopol & Oligopol\n- Preisbildung & Verkäufermarkt",
        "friday": "- Wiederholung & Zusammenfassung\n- Lernzielkontrolle\n- Feedback & Reflexion"
    },
    "19.08.2024": {
        "monday": "- Vorstellung des Dozenten und der Teilnehmer:innen\n- Einführung in Microsoft Office\n- Microsoft Word kennenlernen\n- Grundlegende Textformatierung",
        "tuesday": "- Wiederholung: WORD Grundlagen\n- Ansätze formalisieren und Tabstopps\n- Dokumentvorlagen nutzen\n- Bilder und Formen einfügen",
        "wednesday": "- EXCEL: Grundlegende Techniken\n- Formeln und Zellen formatieren\n- Tabellenansicht strukturieren\n- Diagramme und Bezüge",
        "thursday": "- PowerPoint Grundlagen einführen\n- Folienbearbeitung und Gestaltung\n- Effektive Ansichten und Objekte\n- Programme erstellen",
        "friday": "- Projekt: Stadtvorstellung\n- Präsentationen individualisieren\n- Folien und Begleitmaterial\n- Abschlusspräsentation"
    },
    "26.08.2024": {
        "monday": "- Einführung ins Bewerbungstraining\n- Analyse des Arbeitsmarktes\n- Selbstanalyse und Stärken-Schwächen-Profil\n- Recherche von Stellenangeboten",
        "tuesday": "- Lebenslauf-Struktur und Aufbau\n- Gestaltung des Lebenslaufs\n- Formulierung von Tätigkeitsbeschreibungen\n- Bewerbungsfotos und Standards",
        "wednesday": "- Anschreiben: Aufbau und Inhalt\n- Formulierungstechniken\n- Deckblatt-Gestaltung\n- Corporate Design in Bewerbungen",
        "thursday": "- Vorbereitung auf Bewerbungsgespräche\n- Typische Fragen und Antworten\n- Körpersprache und Auftreten\n- Gehaltsverhandlungen",
        "friday": "- Assessment Center: Ablauf und Übungen\n- Gruppendiskussionen\n- Präsentationstechniken\n- Simulationen und Rollenspiele"
    },
    "02.09.2024": {
        "monday": "- Business English: Office Communication\n- Email Writing Skills\n- Professional Phone Calls\n- Meeting Vocabulary",
        "tuesday": "- Technical English: Hardware Terms\n- Computer Components\n- Troubleshooting Vocabulary\n- Practice Dialogues",
        "wednesday": "- English for Programming\n- Code Documentation\n- Technical Documentation\n- Developer Meetings",
        "thursday": "- Customer Service English\n- Help Desk Communication\n- Problem Resolution\n- Client Meetings",
        "friday": "- Presentation Skills in English\n- Public Speaking\n- Slide Design\n- Q&A Sessions"
    },
    "09.09.2024": {
        "monday": "- IT Project Management English\n- Planning Vocabulary\n- Team Coordination\n- Progress Reports",
        "tuesday": "- Network Technology English\n- Infrastructure Terms\n- Security Vocabulary\n- Technical Discussions",
        "wednesday": "- Software Development English\n- Agile Terminology\n- Code Reviews\n- Sprint Planning",
        "thursday": "- Business Negotiations\n- Contract Terms\n- Price Discussions\n- Partnership Meetings",
        "friday": "- Technical Writing\n- User Manuals\n- System Documentation\n- Report Writing"
    },
    "16.09.2024": {
        "monday": "- Einführung LF03: Clients in Netzwerke einbinden\n- Netzbereiche: private/öffentliche Netze, VLANs\n- Netzwerk-Clients & Cisco Packet Tracer",
        "tuesday": "- Grundlagen Datenübertragung & LAN\n- Übertragungsarten & Multiplexing\n- Netzwerkadressierung & Übungen",
        "wednesday": "- Ethernet-Standards & Frame-Aufbau\n- TCP/IP-Protokolle & Ports\n- IPv4-Adressen & Packet Tracer",
        "thursday": "- Cloud-, Fog- und Edge-Computing\n- Cloud Services: SaaS, PaaS, IaaS\n- Netzwerksicherheit & Entwurf",
        "friday": "- Netzwerktopologien & Verkabelung\n- Netzwerkmedien: Kupfer, LWL, Funk\n- Spezifikationen & Übungen"
    },
    "23.09.2024": {
        "monday": "- Rückblick: Strukturierte Verkabelung & Netzwerkmedien\n- Grundkonfiguration eines Netzwerks\n- Switchtypen und Router\n- ISO/OSI- und TCP/IP-Modelle",
        "tuesday": "- Vertiefung: ISO/OSI-Modell & Routing\n- MAC/IP-Adressen & CIDR\n- Netzwerklast & IP-Konfiguration\n- Dokumentation & Port-Scans",
        "wednesday": "- Feedback: IPv4-Subnetting & Ethernet\n- IP-Konfiguration & DHCP\n- Cloud-Dienste & Speicher\n- Benutzerverwaltung & RADIUS",
        "thursday": "- Wiederholung: Subnetze & Medienzugriff\n- Netzwerkprüfung & Verbindungstests\n- Management & Wartung\n- Selbstlernphase: Wartungsprozesse",
        "friday": "- Gesprächsrunde: Topologien & Adressen\n- Router, Switches & VPN\n- Firewall & RAID-Systeme\n- Selbstlernphase: Netzwerksicherheit"
    },
    "30.09.2024": {
        "monday": "- RAID-Systeme, Medienzugriffsverfahren & Verkabelung\n- Managed Switches, Router & ISO/OSI-Modell\n- Backupstrategien & Netzwerksicherheit",
        "tuesday": "- Subnetting, Proxy-Server & RAID-Systeme\n- USV, PoE & Netzersatzanlagen\n- IT-Stromversorgung & Infrastruktur",
        "wednesday": "- LZK-Vorbereitung & Lernfeld-Reflexion\n- Green-IT & Stromverbrauchsoptimierung\n- RAID & Subnetting Vertiefung",
        "thursday": "Tag der Deutschen Einheit (Feiertag)",
        "friday": "- Abschließende LZK-Vorbereitung\n- Durchführung der Lernzielkontrolle\n- Ergebnisbesprechung & Kursabschluss"
    },
    "07.10.2024": {
        "monday": "- Einführung Projektmanagement: Projekt/Produkt\n- Projektstrukturplan & Ablaufplanung\n- Projektausgangssituation Timeshift GmbH\n- Schulung & Wochenabschluss",
        "tuesday": "- Ressourcenplanung & Netzplantechnik\n- Critical Path Method & Gantt-Diagramm\n- Projektdokumentation\n- Feedback & Tagesabschluss",
        "wednesday": "- Ressourcen- & Beschaffungsmanagement\n- Wertschöpfungskette & Vertragsmanagement\n- Personal- & Sachmittelplanung\n- Gesamtdokumentation",
        "thursday": "- Kostenplanung & Projektkostenrechnung\n- Top-Down/Bottom-Up-Kostenplanung\n- Dokumentation & Gruppenarbeit\n- Ergebnisbesprechung",
        "friday": "- Risikomanagement: PESTLE & Risikomatrix\n- Risikoidentifikation & Chancenumwandlung\n- Gruppenarbeit & Präsentation\n- Dokumentation & Abschluss"
    },
    "14.10.2024": {
        "monday": "- Projektinitiierung & Stakeholderanalyse\n- Projektumfang & Zieldefinition\n- Meilensteinplanung\n- Kick-off Meeting Vorbereitung",
        "tuesday": "- Agile Methoden: Scrum & Kanban\n- Sprint Planning & Daily Standups\n- User Stories & Product Backlog\n- Projektmanagement-Tools",
        "wednesday": "- Projektcontrolling & Reporting\n- Earned Value Analyse\n- Qualitätsmanagement\n- Change Management",
        "thursday": "- Risikomanagement & SWOT-Analyse\n- Projektbudgetierung\n- Ressourcenplanung\n- Konfliktmanagement",
        "friday": "- Projektabschlusspräsentation\n- Lessons Learned Workshop\n- Projektdokumentation\n- Retrospektive & Evaluation"
    },
    "21.10.2024": {
        "monday": "- Überblick über Kurs- und Wochenthemen: IT-Grundschutz und Ziele\n- Verantwortliche Stellen, Aufsichtsbehörden und relevante Gesetze\n- Selbstlernphase zur Vertiefung der Inhalte",
        "tuesday": "- Elementare Gefährdungen, Risikoanalyse und Bedrohungen\n- Kryptographie: Verschlüsselungsziele, Kennwörter und Hash-Verfahren\n- Selbstlernphase zur weiteren Vertiefung",
        "wednesday": "- Einführung in Malware-Arten und deren Wirkungsweise\n- Social Engineering: Techniken und Präventionsmaßnahmen\n- Technisch-organisatorische Maßnahmen (TOM) besprochen",
        "thursday": "- Schutzbedarfsfeststellung anhand praktischer Beispiele\n- Urheberrecht, Copyright und Grundlagen des Hacking-Prozesses\n- Selbstlernphase zur Vorbereitung auf die Lernzielkontrolle",
        "friday": "- Wiederholungsquiz und Klärung offener Fragen\n- Selbstlernphase und Durchführung der Lernzielkontrolle\n- Abschlussrunde mit Feedback und Reflexion"
    },
    "28.10.2024": {
        "monday": "- Wiederholung: Verkabelung, Ethernet, TCP/IP\n- Kundenanforderungen & Lastenheft\n- Praktische Dokumentationsübungen",
        "tuesday": "- Switching-Grundlagen & Broadcast-Domains\n- ARP, STP & PDU\n- MAC-Adressen & Switching-Übungen",
        "wednesday": "- Statisches & Dynamisches Routing\n- IGP/EGP & Routing-Protokolle\n- Praktische Routing-Übungen",
        "thursday": "Feiertag (Reformationstag)",
        "friday": "Allerheiligen (Feiertag)"
    },
    "04.11.2024": {
        "monday": "- Grundlagen von VLANs, Trunking und Tagging\n- Praxisprojekt: Aufbau, Konfiguration und Prüfung der Netzwerke\n- Troubleshooting: Broadcast-Stürme und Verbindung von Netzwerken",
        "tuesday": "- Wiederholung: IPv4 Grundlagen und Subnetting\n- Einführung in IPv6: Adresstypen, Regeln und Präfixe\n- Übungen zu Subnetting und IPv6-Regeln",
        "wednesday": "- IPv6 Neighbor Discovery, SLAAC und Privacy Extensions\n- Grundlagen und Optionen von DHCP, Lease-Erzeugung und Erneuerung\n- DHCP Relay-Agent und praktische Übungen",
        "thursday": "- DNS: Grundlagen, hierarchischer Aufbau und Zonenverwaltung\n- Nachverfolgung von DHCP- und DNS-Nachrichten mit Wireshark\n- Übungen zur Vertiefung von DNS- und DHCP-Konzepten",
        "friday": "- WAN: Internetverbindungen (Kabel, DSL, Mobilfunk) und Dual Stack\n- Firewalls: Grundlagen, Paketfilterung und Access Control Lists (ACLs)\n- Netzwerk-NAT: Portfreigabe, (S)NAT und SPI (Stateful Packet Inspection)"
    },
    "11.11.2024": {
        "monday": "- Firewalls: DMZ, Topologien und Segmentierung\n- WLAN: Standards, Ad-hoc- und Infrastrukturmodus\n- Verschlüsselungsmethoden und praktische Übungen",
        "tuesday": "- Einführung in Linux: Philosophie, Aufbau, Dateisysteme\n- Grundbefehle und Syntax mit Demonstration\n- Praxis: Arbeiten mit Dateisystemen und Grundbefehlen",
        "wednesday": "- Linux-Shell: Umleitung, Verkettung, Pipe-Mechanismus\n- Installation eines Debian-Servers (headless)\n- SSH: Grundlagen und Client-Server-Verbindung",
        "thursday": "- SSH-Sicherheit: PubkeyAuthentication & Konfiguration\n- Projekt: Installation von Nextcloud auf Debian\n- Vorbereitung auf die Lernzielkontrolle",
        "friday": "- Durchführung der Lernzielkontrolle\n- Besprechung der Ergebnisse\n- Freie Lernphase für Vertiefung"
    },
    "18.11.2024": {
        "monday": "- Analyse des Softwareentwicklungsumfelds und Aufgaben von Entwicklern\n- Einführung in Python: Entwicklungsumgebung und erste Programme\n- Verzweigungen implementieren und erste Übungen",
        "tuesday": "- Softwarearten, Neuentwicklung vs. Anpassung, EVA-Prinzip\n- Zahlensysteme (Dezimal, Dual, Hexadezimal) und Datendarstellung\n- Python: Einfache Anwendungen programmieren",
        "wednesday": "- Umrechnungsmethoden (Addition, Subtraktion, Division) vertiefen\n- Darstellungsformen von Daten in IT-Systemen analysieren\n- Einzelarbeit zu Umrechnungsmethoden",
        "thursday": "- Phasen der Softwareentwicklung und Vorgehensmodelle analysieren\n- Python: Schleifen und Listen implementieren\n- Einzelarbeit zu Schleifen und Listen",
        "friday": "- Syntaktische Grundlagen und Exception-Handling\n- Programmierung von Schleifen und Listen in Python\n- Einzelarbeit zur Vertiefung der Schleifenkonzepte"
    },
    "25.11.2024": {
        "monday": "- Anforderungen an Software und Lasten-/Pflichtenheft spezifizieren\n- Einführung in den Entwurfsprozess und Modellierungssprachen\n- Übungen zur Modellierung von Softwareanforderungen",
        "tuesday": "- Python: Verzweigungen und Funktionen implementieren\n- Schleifen-Programmierung in Einzel- und Gruppenarbeit\n- Weiterführung der Übungen zu Schleifen und Listen",
        "wednesday": "- Verzweigungen und Funktionen mit Rekursion vertiefen\n- Zugriff auf Dateien in Python realisieren\n- Übungen zu Dateizugriff und Datenmanagement",
        "thursday": "- Planung und Umsetzung von Datenbanken\n- Erstellung eines ER-Modells zur Beschreibung von Datenbeziehungen\n- Grundlagen des relationalen Datenmodells erläutern",
        "friday": "- Ranking und Vergleich von Datenbanksystemen\n- Erstellung und Analyse von relationalen Datenmodellen\n- Übungen zur Anwendung der Datenbankkonzepte in der Praxis"
    },
    "02.12.2024": {
        "monday": "- Einführung in das relationale Datenmodell und Datenbankplanung\n- Erstellung einer einfachen Datenbank in XAMPP\n- Übungen zum relationalen Datenmodell und Datenbankstruktur",
        "tuesday": "- Überführung von ER-Modellen in relationale Datenmodelle\n- Grundlagen der Datenbanksprache SQL (SELECT, INSERT, UPDATE)\n- Erste SQL-Übungen und Abfragen in Einzelarbeit",
        "wednesday": "- Anwendung von INNER JOIN, LEFT JOIN, RIGHT JOIN in SQL\n- Aufbau komplexer Abfragen und Datenbankmanipulation\n- Praktische Einzelarbeit zur Vertiefung von SQL-Joins",
        "thursday": "- SQLite-Datenbanken mit Python ansprechen und bearbeiten\n- Einführung in Softwaretests: Testprozess und Dokumentation\n- Einzelarbeit: Implementierung und Testen einer SQLite-Datenbank",
        "friday": "- Lernzielkontrolle zu den Themen relationaler Datenbanken und SQL\n- Erstellung von Softwaredokumentationen und Bewertung des Entwicklungsprozesses\n- Evaluation von Programmiersprachen und deren Anwendungsmöglichkeiten"
    },
    "09.12.2024": {
        "monday": "- Überblick über IT-Servicearten und ITIL-Service-Lifecycle\n- Standards und rechtliche Anforderungen (ISO, DSGVO, Governance)\n- Selbstlernphase: Datenschutz und Datensicherheit",
        "tuesday": "- Grundlagen des Lizenzrechts und Service-Ticketsysteme (SPoC, RACI, SLA)\n- Prozesse der Störungsbearbeitung: Klassifizierung, Priorisierung, Eskalation\n- Selbstlernphase: Erfolgsfaktoren, KPIs und Verfügbarkeitsberechnung",
        "wednesday": "- Incident- und Problem-Management: DMAIC-Zyklus, Ishikawa-Diagramm\n- Monitoring-Tools: Infrastruktur-, Log- und TCP-Analyse\n- Selbstlernphase: Prinzipien der Arbeitsorganisation (Eisenhower, Pareto)",
        "thursday": "- Kommunikationsmodelle (Schulz von Thun, Lewin) und gute Servicedesk-Praxis\n- Konfliktbewältigung: Deeskalationsstrategien und Problemanalyse nach Kepner-Tregoe\n- Selbstlernphase: SLA-Übungen und präventive Wartungsmaßnahmen",
        "friday": "- Maßnahmen zur Störungsvermeidung und Instandhaltungsstrategien\n- Verbesserung der Kundenberatung durch Medienkompetenz und Schulungsmaßnahmen\n- Reflexion und Kursabschluss mit Übungsbesprechung"
    },
    "16.12.2024": {
        "monday": "- Einführung in IoT\n- Einflussfaktoren auf CPS\n- Aufgaben im Arbeitsbuch (S. 60-63)",
        "tuesday": "- Anwendungsfelder von CPS\n- Struktureller Aufbau von CPS\n- IoT- und Industrial-Protokolle",
        "wednesday": "- IoT- und Industrial-Protokolle\n- MQTT-Protokoll\n- Open-UA Standard",
        "thursday": "- Datenfluss an CPS-Schnittstellen\n- Energie-, Stoff-, Informationsflüsse\n- Praktische Übungen (WokWi)",
        "friday": "- CPS-Analyse im Unternehmen\n- Bestandsaufnahme & Gefahren\n- Schnittstellenvergleich (GPIO, UART, I²C, SPI)"
    },
    "23.12.2024": {
        "monday": "Urlaub (Weihnachtsferien)",
        "tuesday": "Urlaub (Weihnachtsferien)",
        "wednesday": "Urlaub (Weihnachtsferien)",
        "thursday": "Urlaub (Weihnachtsferien)",
        "friday": "Urlaub (Weihnachtsferien)"
    },
    "30.12.2024": {
        "monday": "Urlaub (Weihnachtsferien)",
        "tuesday": "Urlaub (Weihnachtsferien)",
        "wednesday": "Urlaub (Weihnachtsferien)",
        "thursday": "Urlaub (Weihnachtsferien)",
        "friday": "Urlaub (Weihnachtsferien)"
    },
    "01.01.2025": {
        "monday": "Urlaub (Weihnachtsferien)",
        "tuesday": "Urlaub (Weihnachtsferien)",
        "wednesday": "Urlaub (Weihnachtsferien)",
        "thursday": "Urlaub (Weihnachtsferien)",
        "friday": "Urlaub (Weihnachtsferien)"
    },
    "06.01.2025": {
        "monday": "Urlaub (Weihnachtsferien)",
        "tuesday": "- CPS konstruieren und programmieren\n- MQTT-Broker/Client-Kommunikation\n- CPS-Funktionalität testen",
        "wednesday": "- CPS-Erweiterungen dokumentieren\n- Projektergebnisse erfassen\n- Sicherheitsanalyse durchführen",
        "thursday": "- CPS-Sicherheitsrisiken bewerten\n- Verbesserungsvorschläge präsentieren\n- Arduino-Übungen (LEDs, Sensoren)",
        "friday": "- Lernerfolgskontrolle (LZK)\n- Smart-Home-Übungen\n- Abschluss mit Kahoot-Quiz"
    },
    "13.01.2025": {
        "monday": "- Einführung Kurs & Tools\n- Variablen und Datentypen\n- Datentypumwandlung",
        "tuesday": "- Operatoren und Kontrollstrukturen\n- Projekt: Trinkgeldrechner\n- Kombination Operatoren & Strukturen",
        "wednesday": "- Listen und Verzweigungen\n- Projekt: Schere-Stein-Papier\n- Feedback",
        "thursday": "- Zählerschleifen und Funktionen\n- Reeborg's World Training\n- Feedbackrunde",
        "friday": "- While-Schleifen und Funktionen\n- UML und Use Cases\n- Wochenfeedback"
    },
    "20.01.2025": {
        "monday": "- Use Case Diagramme\n- Anwendungsfalldiagramme erstellen\n- Feedback",
        "tuesday": "- Turtle für GUIs\n- Kontrollstrukturen & OOP\n- Fraktalbaum erstellen",
        "wednesday": "- UML-Klassendiagramme\n- Klassendiagramme für Szenarien\n- Beziehungen zwischen Klassen",
        "thursday": "- Klassen und Objekte implementieren\n- Konstruktoren und Methoden\n- Quiz-Programm erstellen",
        "friday": "- Quiz-Programm fertigstellen\n- UML-Aktivitätsdiagramme\n- Aktivitätsdiagramme erstellen"
    },
    "27.01.2025": {
        "monday": "- Aktivitätsdiagramm abschließen\n- Vererbung und Polymorphie\n- Tkinter GUI-Entwicklung",
        "tuesday": "- MariaDB & Datenbankgrundlagen\n- CRUD-Befehle\n- Inner Join",
        "wednesday": "- BASE vs. ACID\n- ER-Modelle\n- ER-Diagramme erstellen",
        "thursday": "- Primär- & Fremdschlüssel\n- Normalisierung (3NF)\n- SQL-Abfragen (DQL)",
        "friday": "- LZK-Vorbereitung\n- Prüfungsnachbesprechung\n- Projekt: SQL Island"
    },
    "03.02.2025": {
        "monday": "- Windows 10 Editionen\n- RemoteLab einrichten\n- Server zum Domänencontroller",
        "tuesday": "- Windows 10 Upgrade/Migration\n- Gruppenrichtlinien (GPOs)\n- GPO-Konfiguration üben",
        "wednesday": "- Benutzeroberfläche anpassen\n- AD, Azure AD, PowerShell\n- Gruppenrichtlinien verwalten",
        "thursday": "- Treiber & Windows-Updates\n- Netzwerk: Arbeitsgruppen, Domänen\n- Remote-Zugriff & NTFS-Freigaben",
        "friday": "- VPN & WLAN-Sicherheit\n- Ethernet, Firewall, IP-Konfiguration\n- Speicherverwaltung & RAID"
    },
    "10.02.2025": {
        "monday": "- Windows-Apps & Installation\n- SSL-Zertifikate & EFS\n- Gruppenrichtlinien Speicherverwaltung",
        "tuesday": "- Authentifizierung & Autorisierung\n- NTFS-Berechtigungen\n- Dateiserver einrichten",
        "wednesday": "- Malware-Schutz & Windows Defender\n- Firewall-Regeln\n- Admin-Basisverzeichnisse",
        "thursday": "- Windows 10 Simulationen RemoteLab\n- BitLocker & AppLocker\n- Task-Manager & MMCs",
        "friday": "- Lernerfolgskontrolle (LZK)\n- Windows Backup & Wiederherstellung\n- Lokale Gruppenrichtlinien"
    },
    "17.02.2025": {
        "monday": "- Kursziele (EXIN-Prüfung)\n- Softwareentwicklungsprozess\n- Produktvision & Anforderungsliste",
        "tuesday": "- Prozess: Pflichtenheft bis Release\n- Agiles Manifest\n- Scrum Guide studieren",
        "wednesday": "- Scrum: Framework, Team, Events\n- Scrum Guide\n- Übungsaufgaben",
        "thursday": "- Scrum Events & Artefakte\n- Planung Grob → Detail\n- Übungsaufgaben",
        "friday": "- Scrum Events & Artefakte\n- Extreme Programming (XP)\n- Planung & Übungen"
    },
    "24.02.2025": {
        "monday": "- Scrum Artefakte\n- SCRUM-Skalierung\n- Übungsfragen",
        "tuesday": "- GFN Zusatzfragen\n- EXIN Musterprüfung\n- Selbstlernphase",
        "wednesday": "- Agiles Arbeiten / Kursprojekt\n- Epic → User Story\n- Prüfung & Feedback",
        "thursday": "- Sprintbacklog-Tools (Trello, Jira)\n- User Story Übung\n- Tagesabschluss",
        "friday": "- Low-Code / No-Code\n- Epic/User Story & Commitments\n- Scrum-Besprechung & Abschluss"
    },
    "03.03.2025": {
        "monday": "- HTML: Tags & Elemente\n- Miniprojekte: Geburtstagseinladung & Portfolio\n- Tools einrichten",
        "tuesday": "- Projekte auf GitHub\n- CSS: Inline, Internal, External\n- CSS Selektoren",
        "wednesday": "- CSS: Schriften, Farben, Textausrichtung\n- CSS Boxmodel\n- Projekt: Motivations-Meme-Webseite",
        "thursday": "- CSS: Farbwerte, Schriftarten\n- Browser DevTools\n- Projekt: Motivations-Meme-Webseite",
        "friday": "- Responsive Design\n- Float & Media Queries\n- Flexbox & CSS Grid"
    },
    "10.03.2025": {
        "monday": "- CSS Flexbox\n- Projekte: Preistabelle & Grid-Garden\n- CSS Grid: Schachbrett",
        "tuesday": "- JavaScript: Datentypen & Variablen\n- Projekt: Wurfspiel\n- Zeichenketten & Methoden",
        "wednesday": "- Projekt Trinkgeldrechner\n- Verzweigungen (if/else if)\n- Übungen: BMI, Schaltjahr",
        "thursday": "- For-Schleifen & Verzweigungen\n- Zufällige Werte & While-Schleifen\n- Projekt: Zahlen Raten",
        "friday": "- Projekt Zahlenraten mit GUI\n- Funktionen\n- Projekt Schere-Stein-Papier"
    },
    "17.03.2025": {
        "monday": "- Web-Design Grundlagen\n- Projekt Schere-Stein-Papier: GUI & Logik\n- Feedback",
        "tuesday": "- Projekt Schere-Stein-Papier\n- Portfoliowebseite\n- Projekt Codebreaker: GUI & Logik",
        "wednesday": "- Portfoliowebseite mit Projekten\n- UI/UX Design & Barrierefreiheit\n- Projektdaily",
        "thursday": "- UI/UX: Farben, Schriftarten\n- Projekte auf GitHub\n- Code Reviews & Tests",
        "friday": "- LZK-Vorbereitung\n- LZK durchführen\n- Unit Tests & Kursabschluss"
    },
    "24.03.2025": {
        "monday": "- Einführung: Java Installation & IDE\n- Erste Java-Programme\n- Compilieren & Ausführen",
        "tuesday": "- Basics: Datentypen & Variablen\n- Operatoren & Ausdrücke\n- Übungen",
        "wednesday": "- Arrays: Deklaration & Initialisierung\n- Mehrdimensionale Arrays\n- Array-Methoden",
        "thursday": "- Strings: String-Klasse & Methoden\n- String-Vergleiche\n- StringBuilder",
        "friday": "- Wrapper-Klassen\n- Autoboxing & Unboxing\n- Übungen zu Wrappers"
    },
    "31.03.2025": {
        "monday": "- Object Orientation: Klassen & Objekte\n- Konstruktoren & Methoden\n- Attribute & Kapselung",
        "tuesday": "- OOP: Vererbung & Polymorphie\n- Abstrakte Klassen\n- Interfaces",
        "wednesday": "- Collections: List, Set, Map\n- ArrayList, HashSet, HashMap\n- Iteration & Modifikation",
        "thursday": "- Exceptions: try-catch-finally\n- Checked vs. Unchecked\n- Eigene Exceptions",
        "friday": "- Sonderthemen: Generics, Lambda\n- Tools & Resources\n- Projektarbeit"
    },
    "07.04.2025": {
        "monday": "- Kursvorstellung\n- Projektideen auswählen\n- HTML/CSS GUI gestalten",
        "tuesday": "- Projektdaily\n- Webtechnologien einarbeiten\n- Funktionalitäten implementieren",
        "wednesday": "- Projektdaily\n- Code Reviews\n- Funktionalitäten verbessern",
        "thursday": "- Projektdaily & Code Review\n- Teststrategien\n- Unit Tests erstellen",
        "friday": "- Projektdaily & Code Review\n- Projekte fertigstellen\n- Projektpräsentationen"
    },
    "14.04.2025": {
        "monday": "- Installation: PyCharm, MySQL\n- Python Grundlagen\n- Exception-Handling",
        "tuesday": "- Exception-Handling: try/except\n- Verzweigungen (if/elif/match)\n- Programmierübungen",
        "wednesday": "- Schleifen & Listen\n- Funktionen & Parameter\n- Tkinter GUI & MySQL",
        "thursday": "- Datenbank anlegen\n- Python-Datenbankzugriff (MVC)\n- GUI & MySQL koppeln",
        "friday": "Frei"
    },
    "21.04.2025": {
        "monday": "Urlaub",
        "tuesday": "Urlaub",
        "wednesday": "Urlaub",
        "thursday": "Urlaub",
        "friday": "Urlaub"
    },
    "28.04.2025": {
        "monday": "- PCEP-Zertifizierung (Udemy)\n- Variablen, Operatoren, Kontrollstrukturen\n- Übung: 250 Fragen Test",
        "tuesday": "- Datenstrukturen: Listen, Tupel, Sets\n- Verschachtelte Listen\n- PCEP-Übungsfragen",
        "wednesday": "- Funktionen & Module\n- Rekursive Funktionen\n- PCEP-Übungsfragen",
        "thursday": "Tag der Arbeit (Feiertag)",
        "friday": "- PCEP-Vorbereitung\n- Übungsfragen bearbeiten\n- PCEP-Test ablegen"
    },
    "05.05.2025": {
        "monday": "- Java Datentypen (primitive)\n- Zahlen: Literale, Zahlensysteme\n- Variablen & Konventionen",
        "tuesday": "- Operatoren: Priorität & Assoziativität\n- Logische & arithmetische Operatoren\n- Typkonvertierungen",
        "wednesday": "- Verzweigungen (if/else/switch)\n- Schleifen (for/while/do-while)\n- Übungen: Schaltjahr, BMI",
        "thursday": "- Ratespiel (Verzweigungen & Schleifen)\n- Schleifenvarianten vergleichen\n- Übungen: BMI, Tage pro Monat",
        "friday": "- String-Klasse & Konkatenation\n- Arrays: Initialisierung & Zugriff\n- Methoden: Definition & Aufruf"
    },
    "12.05.2025": {
        "monday": "- Kontrollstrukturen & Operatoren\n- Numerische Aufgaben\n- Selbstlernphase",
        "tuesday": "- Methoden: Signatur, Definition\n- Parameter vs. Argumente\n- BMI berechnen",
        "wednesday": "- Objektorientierung Grundlagen\n- Klassen & Objekte\n- Attribute, Methoden, Konstruktoren",
        "thursday": "- Klassen definieren (Geometrie)\n- Konstruktoren überladen\n- Kapselung (private/public)",
        "friday": "- Getter & Setter\n- final-Attribute\n- Fallstudie: Online-Shop"
    },
    "19.05.2025": {
        "monday": "- Konstanten & Klassenattribute\n- Onlineshop: Artikelverwaltung\n- Array & foreach-Loop",
        "tuesday": "- Onlineshop: Anforderungsanalyse\n- Klassendiagramme erstellen\n- Kapselung & Getter/Setter",
        "wednesday": "- OOP-Grundlagen\n- UML-Klassendiagramm\n- Beziehungen: Assoziation, Aggregation",
        "thursday": "- Vererbung & abstrakte Klassen\n- Polymorphie\n- Fallbeispiel: Bankkonten",
        "friday": "- Polymorphie: statisch vs. dynamisch\n- @Override\n- Abstrakte Klassen vs. Interfaces"
    },
    "26.05.2025": {
        "monday": "- UML-Klassendiagramme\n- Beziehungen: Assoziation, Aggregation, Vererbung\n- IHK-Prüfungsaufgabe",
        "tuesday": "- Interfaces: Syntax & Implementierung\n- APIs: Comparable, Runnable, List\n- Lambda-Ausdrücke",
        "wednesday": "- Abstrakte Klassen vs. Interfaces\n- Einsatzszenarien vergleichen\n- IHK-Prüfungsaufgabe",
        "thursday": "Christi Himmelfahrt (Feiertag)",
        "friday": "- Vererbung & Polymorphie\n- Sensor-Klassen modellieren\n- Initialisierungsblöcke"
    },
    "02.06.2025": {
        "monday": "- Overloading vs. Overriding\n- Parameterliste, Rückgabetyp\n- Interfaces Wiederholung",
        "tuesday": "- Generics: Typsicherheit\n- Generische Klassen & Methoden\n- Fallbeispiel: Onlineshop",
        "wednesday": "- Collections Framework\n- ArrayList, HashSet, HashMap\n- equals() & hashCode()",
        "thursday": "- Sortierung: Collections.sort\n- Comparable vs. Comparator\n- binarySearch",
        "friday": "- Innere Klassen\n- Statische & nicht-statische Klassen\n- Praxisübungen"
    },
    "09.06.2025": {
        "monday": "Pfingstmontag (Feiertag)",
        "tuesday": "- Lokale Klassen\n- Anonyme Klassen & Lambdas\n- Comparator Übung",
        "wednesday": "- Lambda-Ausdrücke\n- Functional Interfaces\n- Liste filtern & transformieren",
        "thursday": "- Lambdas mit Collections\n- Immutable-Klassen\n- Praxis: Adresse immutable",
        "friday": "- String: Methoden & Literal-Pooling\n- == vs. equals()\n- StringBuilder & StringBuffer"
    },
    "16.06.2025": {
        "monday": "- Factory Methods\n- Konstruktor vs. Factory Method\n- LocalDate & LocalTime",
        "tuesday": "- Error vs. Exception\n- Compile-Time vs. Runtime-Fehler\n- try-catch-finally",
        "wednesday": "- Eigene Exception-Klassen\n- Best Practices Fehlerbehandlung\n- Benutzerregistrierung",
        "thursday": "- Factory Methods & Exceptions\n- Robuste Objekterstellung\n- Exception-Hierarchie",
        "friday": "- Mehrere catch-Blöcke\n- Fehler gezielt abfangen\n- Checked Exceptions"
    },
    "23.06.2025": {
        "monday": "- Java IO: Klasse File\n- Dateien & Verzeichnisse prüfen\n- Dateien erstellen/löschen",
        "tuesday": "- File-Operationen\n- Verzeichnisinhalte ausgeben\n- Reader & Writer",
        "wednesday": "- FileReader & FileWriter\n- BufferedReader & BufferedWriter\n- PrintWriter",
        "thursday": "- Projekt: Dateien lesen & loggen\n- Reader vs. InputStream\n- try-with-resources",
        "friday": "- Serialisierung\n- ObjectOutputStream & ObjectInputStream\n- Objekte serialisieren"
    },
    "30.06.2025": {
        "monday": "- Serialisierung: Motivation\n- ObjectOutputStream & ObjectInputStream\n- transient & serialVersionUID",
        "tuesday": "- Serialisierung anpassen\n- NotSerializableException\n- Method Overriding",
        "wednesday": "- Java NIO2: Path, Paths, Files\n- Path-Methoden\n- Klasse Files",
        "thursday": "- Dateien lesen: readAllBytes/readAllLines\n- Dateien kopieren/verschieben/löschen\n- Unterschiede zu Streams",
        "friday": "- Streams: Motivation\n- Intermediate Operations\n- Terminal Operations & Collectors"
    },
    "07.07.2025": {
        "monday": "- Datenbanksysteme: 3-Schichten-Architektur\n- Datenbankmodelle & ERD\n- ERD Aufgabe 1",
        "tuesday": "- ERD-Übungen (Aufgaben 3–8)\n- Aufgaben bearbeiten\n- Selbstlernphase",
        "wednesday": "- RDBM Einführung\n- Normalisierung Übungen\n- ERD → RDBM umwandeln",
        "thursday": "- RDBM: Schlüssel, Normalformen\n- Aufgaben 9–12 als RDBM\n- Selbstlernphase",
        "friday": "- Aufgaben 12–14 (ERD/RDBM)\n- MySQL Datentypen\n- Physikalisches Datenmodell"
    },
    "14.07.2025": {
        "monday": "- SQL DDL Befehle\n- DDL Beispiel umsetzen\n- Aufgaben 1–2",
        "tuesday": "- DDL-Aufgaben (12 & 14)\n- Aufgaben bearbeiten\n- Selbstlernphase",
        "wednesday": "- DML Wiederholung\n- SQL-Story: Aufgaben 1–7\n- Weiterbearbeitung",
        "thursday": "- SQL-Story: Aufgaben 8–15\n- Aufgaben 15–30\n- Projektrecherche",
        "friday": "- SQL-Story Restaufgaben\n- IHK-Aufgabenblätter 1–3\n- Selbstlernphase"
    },
    "21.07.2025": {
        "monday": "Urlaub",
        "tuesday": "Urlaub",
        "wednesday": "Urlaub",
        "thursday": "Urlaub",
        "friday": "Urlaub"
    },
    "28.07.2025": {
        "monday": "Urlaub",
        "tuesday": "Urlaub",
        "wednesday": "Urlaub",
        "thursday": "Urlaub",
        "friday": "Urlaub"
    },
    "04.08.2025": {
        "monday": "- Projektwoche: CRUD-Projekt\n- Projektfindungsphase\n- Features & Techstack",
        "tuesday": "- Projektklärung mit Trainer\n- Features & Ziele\n- Techstack einarbeiten",
        "wednesday": "- Techstack einarbeiten\n- ERD/RDM/RDBM erstellen\n- Implementierung beginnen",
        "thursday": "- Klassendiagramme\n- Implementierung & Datenbank\n- Datenbankarbeit",
        "friday": "- Implementierung fortsetzen\n- CRUD-Funktionalität & GUI\n- Projekt fertigstellen"
    },
    "11.08.2025": {
        "monday": "- LF12 Lernziele (IHK-Planspiel)\n- IHK-Projekt Einführung\n- Ausgangssituation auswählen",
        "tuesday": "- Sprints & Tagesplanung\n- Projektantrag Entwürfe\n- Erste Implementierungen",
        "wednesday": "- Projektantrag korrigieren\n- Genehmigung durch Dozent\n- Datenbankmodell Entwürfe",
        "thursday": "- Projektantrag korrigieren\n- Datenbankmodell entwerfen\n- UI-Wireframes erstellen",
        "friday": "Feiertag"
    },
    "18.08.2025": {
        "monday": "- Projektdokumentation präsentieren\n- Projektantrag präsentieren\n- Implementierung beginnen",
        "tuesday": "- Projektimplementierung\n- Datenbank-Connections\n- DDL-Anweisungen",
        "wednesday": "- Projektentwicklung & Entwürfe\n- API-Endpoints entwickeln\n- Paralleldokumentation",
        "thursday": "- Projektarbeit mit Einzelgesprächen\n- Frontend erstellen\n- Backend erstellen",
        "friday": "- Projektarbeit fortsetzen\n- Paralleldokumentation\n- Selbstlernphase"
    },
    "25.08.2025": {
        "monday": "- Softwareentwicklung\n- Programmiersprachen & Pseudocode\n- HTML & XML",
        "tuesday": "- Use-Case-Diagramm\n- Projektmanagement: Netzplan\n- IT-Sicherheit",
        "wednesday": "- Projekt & Stakeholder\n- SQL & ER-Diagramm\n- Lastenheft & IST-Analyse",
        "thursday": "- KI Einführung\n- Lasten- vs. Pflichtenheft\n- Zertifikate & Verschlüsselung",
        "friday": "- Verschlüsselungsverfahren\n- Datenschutz (DSGVO)\n- KI Einsatzgebiete"
    },
    "01.09.2025": {
        "monday": "- Handelskalkulation\n- Darlehensarten\n- Gesellschaftsformen",
        "tuesday": "- Europathek 2.8.1 & 2.8.2\n- Factoring & Marktformen\n- Preisfindung & Konjunktur",
        "wednesday": "- Altersversorgung & VWL\n- Versicherungen\n- BBiG: Rechte & Pflichten",
        "thursday": "- Quiz: Marktwirtschaft & Konjunktur\n- Quiz: Wirtschaftspolitik\n- Europathek 2.8.3 & 2.8.4",
        "friday": "- Kalkulationszuschlag berechnen\n- IHK-Prüfungssimulation\n- Nachbearbeitung"
    },
    "08.09.2025": {
        "monday": "- Wiederholung: Handelskalkulation, VWL\n- Quiz: Marktwirtschaft & Konjunktur\n- Übungen: Versicherungen, BBiG",
        "tuesday": "- Testfragen besprechen\n- Preisfindung & Gleichgewichtspreis\n- Sozialversicherung & Lohnsteuer",
        "wednesday": "- GFN-Prüfungssimulation 1–4\n- Fachinhalte nachbearbeiten\n- Selbstlernphase",
        "thursday": "- Fragenliste Teil 1 (108 Fragen)\n- Einzel- & Gruppenarbeit\n- Diskussion Teil 1",
        "friday": "- Fragenliste Teil 2\n- Einzel- & Gruppenarbeit\n- Abschluss & Feedback"
    },
    "15.09.2025": {
        "monday": "- Projekt weiterentwickeln\n- Trainerunterstützung\n- Paralleldokumentation",
        "tuesday": "- Projekt weiterentwickeln\n- Trainerfeedback\n- Paralleldokumentation",
        "wednesday": "- Projekt weiterentwickeln\n- Trainerfeedback\n- Paralleldokumentation",
        "thursday": "- Projekt weiterentwickeln\n- Einzelcoachings\n- Paralleldokumentation",
        "friday": "- Projektpräsentationen Einführung\n- Projektimplementierung\n- Trainerfeedback"
    },
    "22.09.2025": {
        "monday": "- Projektimplementierung\n- Trainerunterstützung\n- Projektdokumentation",
        "tuesday": "- Projektdokumentation\n- Feedback & Einzelcoachings\n- Codeanpassungen & Screenshots",
        "wednesday": "- Projektdokumentation\n- Code beschreiben\n- Screenshots & Diagramme",
        "thursday": "- Projektdokumentation fertigstellen\n- Feinschliff\n- Präsentationsvorbereitung",
        "friday": "- Projektpräsentation\n- Feedback & Reflexion\n- Projektphase Abschluss"
    },
    "29.09.2025": {
        "monday": "Ablauf des Praxislabors – Vorstellung der Projektthemen; Themenauswahl und Beginn der Themenerarbeitung; Einzelarbeit mit Themenerarbeitung und Einzelgesprächen zu Projektthemen",
        "tuesday": "Besprechung Projektablauf; Durchführung des Projekts in Einzelarbeit; Lehr-/Lerngespräche und Einzelgespräche zur Projektumsetzung",
        "wednesday": "Besprechung Projektfortschritt; Projektarbeit und Einzelgespräche zur individuellen Projektbetreuung",
        "thursday": "Projektumsetzung mit Einzelgesprächen; Wochenabschluss im Rahmen der Projektarbeit",
        "friday": "Freitag kein Unterricht laut Dokumentation"
    },
    "06.10.2025": {
        "monday": "Gemeinsamer Wochenstart; Projektumsetzung und Einzelgespräche zur Projektarbeit",
        "tuesday": "Projektzustand und Projektdurchführung; Einzelgespräche im Rahmen der Projektdurchführung",
        "wednesday": "Projektdurchführung; Abschluss des Praxislabors mit Präsentationen und Feedbackrunde"
    },
    "10.11.2025": {
        "monday": "Platzhalter für Montag",
        "tuesday": "Platzhalter für Dienstag",
        "wednesday": "Platzhalter für Mittwoch",
        "thursday": "Platzhalter für Donnerstag",
        "friday": "Platzhalter für Freitag"
    },
    "17.11.2025": {
        "monday": "Platzhalter für Montag",
        "tuesday": "Platzhalter für Dienstag",
        "wednesday": "Platzhalter für Mittwoch",
        "thursday": "Platzhalter für Donnerstag",
        "friday": "Platzhalter für Freitag"
    },
    "24.11.2025": {
        "monday": "Platzhalter für Montag",
        "tuesday": "Platzhalter für Dienstag",
        "wednesday": "Platzhalter für Mittwoch",
        "thursday": "Platzhalter für Donnerstag",
        "friday": "Platzhalter für Freitag"
    },
    "01.12.2025": {
        "monday": "Platzhalter für Montag",
        "tuesday": "Platzhalter für Dienstag",
        "wednesday": "Platzhalter für Mittwoch",
        "thursday": "Platzhalter für Donnerstag",
        "friday": "Platzhalter für Freitag"
    },
    "08.12.2025": {
        "monday": "Platzhalter für Montag",
        "tuesday": "Platzhalter für Dienstag",
        "wednesday": "Platzhalter für Mittwoch",
        "thursday": "Platzhalter für Donnerstag",
        "friday": "Platzhalter für Freitag"
    },
    "15.12.2025": {
        "monday": "Platzhalter für Montag",
        "tuesday": "Platzhalter für Dienstag",
        "wednesday": "Platzhalter für Mittwoch",
        "thursday": "Platzhalter für Donnerstag",
        "friday": "Platzhalter für Freitag"
    },
    "22.12.2025": {
        "monday": "Platzhalter für Montag",
        "tuesday": "Platzhalter für Dienstag",
        "wednesday": "Platzhalter für Mittwoch",
        "thursday": "Platzhalter für Donnerstag",
        "friday": "Platzhalter für Freitag"
    },
    "29.12.2025": {
        "monday": "Platzhalter für Montag",
        "tuesday": "Platzhalter für Dienstag",
        "wednesday": "Platzhalter für Mittwoch",
        "thursday": "Platzhalter für Donnerstag",
        "friday": "Platzhalter für Freitag"
    },
    "01.01.2026": {
        "monday": "Platzhalter für Montag",
        "tuesday": "Platzhalter für Dienstag",
        "wednesday": "Platzhalter für Mittwoch",
        "thursday": "Platzhalter für Donnerstag",
        "friday": "Platzhalter für Freitag"
    },
    "05.01.2026": {
        "monday": "Platzhalter für Montag",
        "tuesday": "Platzhalter für Dienstag",
        "wednesday": "Platzhalter für Mittwoch",
        "thursday": "Platzhalter für Donnerstag",
        "friday": "Platzhalter für Freitag"
    },
    "12.01.2026": {
        "monday": "Platzhalter für Montag",
        "tuesday": "Platzhalter für Dienstag",
        "wednesday": "Platzhalter für Mittwoch",
        "thursday": "Platzhalter für Donnerstag",
        "friday": "Platzhalter für Freitag"
    },
    "19.01.2026": {
        "monday": "Platzhalter für Montag",
        "tuesday": "Platzhalter für Dienstag",
        "wednesday": "Platzhalter für Mittwoch",
        "thursday": "Platzhalter für Donnerstag",
        "friday": "Platzhalter für Freitag"
    },
    "26.01.2026": {
        "monday": "Platzhalter für Montag",
        "tuesday": "Platzhalter für Dienstag",
        "wednesday": "Platzhalter für Mittwoch",
        "thursday": "Platzhalter für Donnerstag",
        "friday": "Platzhalter für Freitag"
    },
    "02.02.2026": {
        "monday": "Platzhalter für Montag",
        "tuesday": "Platzhalter für Dienstag",
        "wednesday": "Platzhalter für Mittwoch",
        "thursday": "Platzhalter für Donnerstag",
        "friday": "Platzhalter für Freitag"
    },
    "09.02.2026": {
        "monday": "Platzhalter für Montag",
        "tuesday": "Platzhalter für Dienstag",
        "wednesday": "Platzhalter für Mittwoch",
        "thursday": "Platzhalter für Donnerstag",
        "friday": "Platzhalter für Freitag"
    },
    "16.02.2026": {
        "monday": "Platzhalter für Montag",
        "tuesday": "Platzhalter für Dienstag",
        "wednesday": "Platzhalter für Mittwoch",
        "thursday": "Platzhalter für Donnerstag",
        "friday": "Platzhalter für Freitag"
    },
    "23.02.2026": {
        "monday": "Platzhalter für Montag",
        "tuesday": "Platzhalter für Dienstag",
        "wednesday": "Platzhalter für Mittwoch",
        "thursday": "Platzhalter für Donnerstag",
        "friday": "Platzhalter für Freitag"
    },
    "02.03.2026": {
        "monday": "Platzhalter für Montag",
        "tuesday": "Platzhalter für Dienstag",
        "wednesday": "Platzhalter für Mittwoch",
        "thursday": "Platzhalter für Donnerstag",
        "friday": "Platzhalter für Freitag"
    },
    "09.03.2026": {
        "monday": "Platzhalter für Montag",
        "tuesday": "Platzhalter für Dienstag",
        "wednesday": "Platzhalter für Mittwoch",
        "thursday": "Platzhalter für Donnerstag",
        "friday": "Platzhalter für Freitag"
    },
    "16.03.2026": {
        "monday": "Platzhalter für Montag",
        "tuesday": "Platzhalter für Dienstag",
        "wednesday": "Platzhalter für Mittwoch",
        "thursday": "Platzhalter für Donnerstag",
        "friday": "Platzhalter für Freitag"
    },
    "23.03.2026": {
        "monday": "Platzhalter für Montag",
        "tuesday": "Platzhalter für Dienstag",
        "wednesday": "Platzhalter für Mittwoch",
        "thursday": "Platzhalter für Donnerstag",
        "friday": "Platzhalter für Freitag"
    },
    "30.03.2026": {
        "monday": "Platzhalter für Montag",
        "tuesday": "Platzhalter für Dienstag",
        "wednesday": "Platzhalter für Mittwoch",
        "thursday": "Platzhalter für Donnerstag",
        "friday": "Platzhalter für Freitag"
    },
    "06.04.2026": {
        "monday": "Platzhalter für Montag",
        "tuesday": "Platzhalter für Dienstag",
        "wednesday": "Platzhalter für Mittwoch",
        "thursday": "Platzhalter für Donnerstag",
        "friday": "Platzhalter für Freitag"
    },
    "13.04.2026": {
        "monday": "Platzhalter für Montag",
        "tuesday": "Platzhalter für Dienstag",
        "wednesday": "Platzhalter für Mittwoch",
        "thursday": "Platzhalter für Donnerstag",
        "friday": "Platzhalter für Freitag"
    },
    "20.04.2026": {
        "monday": "Platzhalter für Montag",
        "tuesday": "Platzhalter für Dienstag",
        "wednesday": "Platzhalter für Mittwoch",
        "thursday": "Platzhalter für Donnerstag",
        "friday": "Platzhalter für Freitag"
    },
    "27.04.2026": {
        "monday": "Platzhalter für Montag",
        "tuesday": "Platzhalter für Dienstag",
        "wednesday": "Platzhalter für Mittwoch",
        "thursday": "Platzhalter für Donnerstag",
        "friday": "Platzhalter für Freitag"
    },
    "04.05.2026": {
        "monday": "Platzhalter für Montag",
        "tuesday": "Platzhalter für Dienstag",
        "wednesday": "Platzhalter für Mittwoch",
        "thursday": "Platzhalter für Donnerstag",
        "friday": "Platzhalter für Freitag"
    },
    "11.05.2026": {
        "monday": "Platzhalter für Montag",
        "tuesday": "Platzhalter für Dienstag",
        "wednesday": "Platzhalter für Mittwoch",
        "thursday": "Platzhalter für Donnerstag",
        "friday": "Platzhalter für Freitag"
    },
    "18.05.2026": {
        "monday": "Platzhalter für Montag",
        "tuesday": "Platzhalter für Dienstag",
        "wednesday": "Platzhalter für Mittwoch",
        "thursday": "Platzhalter für Donnerstag",
        "friday": "Platzhalter für Freitag"
    },
    "25.05.2026": {
        "monday": "Platzhalter für Montag",
        "tuesday": "Platzhalter für Dienstag",
        "wednesday": "Platzhalter für Mittwoch",
        "thursday": "Platzhalter für Donnerstag",
        "friday": "Platzhalter für Freitag"
    },
    "01.06.2026": {
        "monday": "Platzhalter für Montag",
        "tuesday": "Platzhalter für Dienstag",
        "wednesday": "Platzhalter für Mittwoch",
        "thursday": "Platzhalter für Donnerstag",
        "friday": "Platzhalter für Freitag"
    },
    "08.06.2026": {
        "monday": "Platzhalter für Montag",
        "tuesday": "Platzhalter für Dienstag",
        "wednesday": "Platzhalter für Mittwoch",
        "thursday": "Platzhalter für Donnerstag",
        "friday": "Platzhalter für Freitag"
    },
    "15.06.2026": {
        "monday": "Platzhalter für Montag",
        "tuesday": "Platzhalter für Dienstag",
        "wednesday": "Platzhalter für Mittwoch",
        "thursday": "Platzhalter für Donnerstag",
        "friday": "Platzhalter für Freitag"
    },
    "22.06.2026": {
        "monday": "Platzhalter für Montag",
        "tuesday": "Platzhalter für Dienstag",
        "wednesday": "Platzhalter für Mittwoch",
        "thursday": "Platzhalter für Donnerstag",
        "friday": "Platzhalter für Freitag"
    },
    "29.06.2026": {
        "monday": "Platzhalter für Montag",
        "tuesday": "Platzhalter für Dienstag",
        "wednesday": "Platzhalter für Mittwoch",
        "thursday": "Platzhalter für Donnerstag",
        "friday": "Platzhalter für Freitag"
    },
    "06.07.2026": {
        "monday": "Platzhalter für Montag",
        "tuesday": "Platzhalter für Dienstag",
        "wednesday": "Platzhalter für Mittwoch",
        "thursday": "Platzhalter für Donnerstag",
        "friday": "Platzhalter für Freitag"
    }
}